playerID,"CONCAT(Player.nameFirst, ' ', Player.nameLast)",birthCountry,max_salary,teamID
aardsda01,"David Aardsma",USA,4500000,SFN
aasedo01,"Don Aase",USA,675000,BAL
abadan01,"Andy Abad",USA,327000,CIN
abadfe01,"Fernando Abad",D.R.,1087500,HOU
abbotje01,"Jeff Abbott",USA,300000,CHA
abbotji01,"Jim Abbott",USA,2775000,CAL
abbotku01,"Kurt Abbott",USA,1000000,OAK
abbotky01,"Kyle Abbott",USA,150000,PHI
abbotpa01,"Paul Abbott",USA,3425000,MIN
abercre01,"Reggie Abercrombie",USA,327000,FLO
abernbr01,"Brent Abernathy",USA,300000,TBA
abnersh01,"Shawn Abner",USA,297500,SDN
abreubo01,"Bobby Abreu",Venezuela,16000000,HOU
abreujo02,"Jose Abreu",Cuba,8666000,CHA
abreuto01,"Tony Abreu",D.R.,745000,LAN
accarje01,"Jeremy Accardo",USA,1080000,SFN
aceveal01,"Alfredo Aceves",Mexico,2650000,NYA
acevejo01,"Jose Acevedo",D.R.,340000,CIN
aceveju01,"Juan Acevedo",Mexico,900000,COL
ackerji01,"Jim Acker",USA,700000,TOR
ackledu01,"Dustin Ackley",USA,2700000,SEA
acostma01,"Manny Acosta",Panama,875000,ATL
acrema01,"Mark Acre",USA,165000,OAK
adamsau01,"Austin Adams",USA,507700,CLE
adamsda02,"David Adams",USA,540000,NYA
adamsjo02,"Joel Adamson",USA,210000,ML4
adamsma01,"Matt Adams",USA,534000,SLN
adamsmi03,"Mike Adams",USA,7000000,MIL
adamsru01,"Russ Adams",USA,343000,TOR
adamste01,"Terry Adams",USA,2900000,CHN
adamswi02,"Willie Adams",USA,177000,OAK
adcocna01,"Nathan Adcock",USA,414000,KCA
adducji01,"Jim Adduci",USA,70000,ML4
adducji02,"Jim Adduci",CAN,501000,TEX
adenhni01,"Nick Adenhart",USA,400000,LAA
adkinjo01,"Jon Adkins",USA,301000,CHA
adriaeh01,"Ehire Adrianza",Venezuela,500500,SFN
afenitr01,"Troy Afenir",USA,130000,OAK
affelje01,"Jeremy Affeldt",USA,6000000,KCA
agbaybe01,"Benny Agbayani",USA,600000,NYN
agostju01,"Juan Agosto",P.R.,1666667,CHA
aguaylu01,"Luis Aguayo",P.R.,375000,PHI
aguilch01,"Chris Aguila",USA,327000,FLO
aguilri01,"Rick Aguilera",USA,4350000,NYN
ahmedni01,"Nick Ahmed",USA,508500,ARI
ainswku01,"Kurt Ainsworth",USA,322500,SFN
akerfda01,"Darrel Akerfelds",USA,165000,CLE
albaljo01,"Jonathan Albaladejo",P.R.,403075,NYA
alberjo01,"Jose Alberro",P.R.,109000,TEX
alberma01,"Matt Albers",USA,1750000,BAL
albural01,"Al Alburquerque",D.R.,1725000,DET
alcanar01,"Arismendy Alcantara",D.R.,510000,CHN
aldremi01,"Mike Aldrete",USA,510000,SFN
aldresc01,"Scott Aldred",USA,600000,DET
aldrico01,"Cory Aldridge",USA,200000,ATL
aldrija01,"Jay Aldrich",USA,62500,ML4
alexado01,"Doyle Alexander",USA,1000000,TOR
alexama02,"Manny Alexander",D.R.,612500,BAL
alfonan01,"Antonio Alfonseca",D.R.,4000000,FLO
alfoned01,"Edgardo Alfonzo",Venezuela,8000000,NYN
alfonel01,"Eliezer Alfonzo",Venezuela,382000,SFN
alicelu01,"Luis Alicea",P.R.,825000,SLN
allanan01,"Andy Allanson",USA,235000,CLE
allenbr01,"Brandon Allen",USA,482500,OAK
allench01,"Chad Allen",USA,380000,MIN
allenco01,"Cody Allen",USA,547100,CLE
allenje01,"Jermaine Allensworth",USA,284000,PIT
allenne01,"Neil Allen",USA,1250000,SLN
allrebe01,"Beau Allred",USA,102500,CLE
almanar01,"Armando Almanza",USA,775000,FLO
almanca01,"Carlos Almanzar",D.R.,1100000,TOR
almonbi01,"Bill Almon",USA,260000,PIT
almoner01,"Erick Almonte",D.R.,414000,MIL
almonzo01,"Zoilo Almonte",D.R.,511300,NYA
alomaro01,"Roberto Alomar",P.R.,8000000,SDN
alomasa02,"Sandy Alomar",P.R.,2900000,CLE
alonsyo01,"Yonder Alonso",Cuba,1650000,SDN
aloumo01,"Moises Alou",USA,9500000,PIT
alstoga01,"Garvin Alston",USA,152000,COL
altuvjo01,"Jose Altuve",Venezuela,2500000,HOU
alvarga01,"Gabe Alvarez",Mexico,170000,DET
alvarhe01,"Henderson Alvarez",Venezuela,4000000,TOR
alvarjo01,"Jose Alvarez",USA,125000,ATL
alvarjo02,"Jose Alvarez",Venezuela,509500,LAA
alvarpe01,"Pedro Alvarez",D.R.,5750000,PIT
alvarrj01,"R. J. Alvarez",USA,507500,OAK
alvarta01,"Tavo Alvarez",Mexico,109000,MON
alvarwi01,"Wilson Alvarez",Venezuela,9000000,CHA
amarari01,"Rich Amaral",USA,550000,SEA
amarial01,"Alexi Amarista",Venezuela,1150000,LAA
amaroru02,"Ruben Amaro",USA,275000,PHI
ambrihe01,"Hector Ambriz",USA,493400,CLE
amezaal01,"Alfredo Amezaga",Mexico,1300000,COL
anderal02,"Allan Anderson",USA,785000,MIN
anderbr01,"Brady Anderson",USA,7200000,BOS
anderbr02,"Brian Anderson",USA,5375000,CAL
anderbr03,"Brian Anderson",USA,440000,CHA
anderbr04,"Brett Anderson",USA,10000000,OAK
anderch01,"Chase Anderson",USA,512500,ARI
anderda02,"Dave Anderson",USA,600000,LAN
anderga01,"Garret Anderson",USA,12600000,CAL
anderja01,"Jason Anderson",USA,300000,NYA
anderji02,"Jimmy Anderson",USA,600000,PIT
anderjo03,"Josh Anderson",USA,400000,DET
anderke01,"Kent Anderson",USA,105000,CAL
anderla02,"Larry Andersen",USA,2000000,PHI
anderma01,"Matt Anderson",USA,3200000,DET
anderma02,"Marlon Anderson",USA,1150000,PHI
andinro01,"Robert Andino",USA,1600000,FLO
andresh01,"Shane Andrews",USA,1250000,MON
andrima01,"Matt Andriese",USA,507500,TBA
andruel01,"Elvis Andrus",Venezuela,15000000,TEX
andujjo01,"Joaquin Andujar",D.R.,1353333,SLN
andujlu01,"Luis Andujar",D.R.,170000,TOR
ankieri01,"Rick Ankiel",USA,2825000,SLN
anthoer01,"Eric Anthony",USA,1100000,HOU
aokino01,"Nori Aoki",Japan,4000000,MIL
appieke01,"Kevin Appier",USA,11500000,KCA
aquingr01,"Greg Aquino",D.R.,500000,ARI
aquinlu01,"Luis Aquino",P.R.,735000,KCA
archech01,"Chris Archer",USA,1166667,TBA
arciaos01,"Oswaldo Arcia",Venezuela,532500,MIN
ardoida01,"Danny Ardoin",USA,335000,COL
arenano01,"Nolan Arenado",USA,512500,COL
arencjp01,"J. P. Arencibia",USA,1800000,TOR
ariasal01,"Alex Arias",USA,625000,FLO
ariasal02,"Alberto Arias",D.R.,439500,HOU
ariasge01,"George Arias",USA,215000,CAL
ariasjo01,"Joaquin Arias",D.R.,1450000,TEX
armasto01,"Tony Armas",Venezuela,1000000,BOS
armasto02,"Tony Armas",Venezuela,3000000,MON
armstja01,"Jack Armstrong",USA,1150000,CIN
arnolto01,"Tony Arnold",USA,62500,BAL
arnsbbr01,"Brad Arnsberg",USA,287500,NYA
arochre01,"Rene Arocha",Cuba,195000,SLN
arredjo01,"Jose Arredondo",D.R.,800000,LAA
arrieja01,"Jake Arrieta",USA,3630000,BAL
arrojro01,"Rolando Arrojo",Cuba,1900000,TBA
arroybr01,"Bronson Arroyo",USA,16445535,PIT
ascanjo01,"Jose Ascanio",Venezuela,416000,PIT
ascheco01,"Cody Asche",USA,517500,PHI
asencmi01,"Miguel Asencio",D.R.,350000,KCA
ashbyal01,"Alan Ashby",USA,575000,HOU
ashbyan01,"Andy Ashby",USA,8500000,PHI
ashlebi01,"Billy Ashley",USA,275000,LAN
assenpa01,"Paul Assenmacher",USA,2665333,ATL
astacpe01,"Pedro Astacio",D.R.,7000000,LAN
atchisc01,"Scott Atchison",USA,900000,SEA
atherke01,"Keith Atherton",USA,345000,OAK
atkinga01,"Garrett Atkins",USA,7050000,COL
augenbr01,"Bryan Augenstein",USA,414000,SLN
augusdo01,"Don August",USA,170000,ML4
aumonph01,"Phillippe Aumont",CAN,500000,PHI
aurilri01,"Rich Aurilia",USA,6250000,SFN
ausanjo01,"Joe Ausanio",USA,110000,NYA
ausmubr01,"Brad Ausmus",USA,5500000,SDN
austije01,"Jeff Austin",USA,205000,KCA
austiji02,"Jim Austin",USA,150000,ML4
avenbr01,"Bruce Aven",USA,320000,FLO
averyst01,"Steve Avery",USA,4850000,ATL
avilaal01,"Alex Avila",USA,5400000,DET
avilalu01,"Luis Avilan",Venezuela,530000,ATL
avilemi01,"Mike Aviles",USA,3500000,KCA
axelrdy01,"Dylan Axelrod",USA,493000,CHA
axforjo01,"John Axford",CAN,5000000,MIL
ayalabe01,"Benny Ayala",P.R.,303333,CLE
ayalabo01,"Bobby Ayala",USA,1800000,CIN
ayalalu01,"Luis Ayala",Mexico,1700000,MON
aybarer01,"Erick Aybar",D.R.,8750000,LAA
aybarma01,"Manny Aybar",D.R.,665000,SLN
aybarwi01,"Willy Aybar",D.R.,1350000,ATL
ayraubo01,"Bob Ayrault",USA,125000,PHI
azocaos01,"Oscar Azocar",Venezuela,120000,SDN
backebr01,"Brandon Backe",USA,1550000,HOU
backmwa01,"Wally Backman",USA,750000,NYN
bacsimi02,"Mike Bacsik",USA,302500,NYN
badenbu01,"Burke Badenhop",USA,2150000,FLO
baekch01,"Cha-Seung Baek","South Korea",429900,SEA
baergca01,"Carlos Baerga",P.R.,4750000,CLE
baezbe01,"Benito Baez",D.R.,202000,FLO
baezda01,"Danys Baez",Cuba,7166666,CLE
baezpe01,"Pedro Baez",D.R.,512500,LAN
bagweje01,"Jeff Bagwell",USA,19369019,HOU
bailean01,"Andrew Bailey",USA,4100000,OAK
baileco01,"Cory Bailey",USA,320000,SLN
baileho02,"Homer Bailey",USA,10000000,CIN
bailema01,"Mark Bailey",USA,100000,HOU
bailero01,"Roger Bailey",USA,355000,COL
bailesc01,"Scott Bailes",USA,600000,CLE
bailobo01,"Bob Bailor",USA,375000,LAN
baineha01,"Harold Baines",USA,2000000,CHA
bairdo01,"Doug Bair",USA,325000,OAK
bakerdo01,"Doug Baker",USA,115000,MIN
bakerdu01,"Dusty Baker",USA,575000,OAK
bakerje03,"Jeff Baker",Germany,2100000,COL
bakerjo01,"John Baker",USA,930000,FLO
bakersc02,"Scott Baker",USA,6500000,MIN
bakopa01,"Paul Bako",USA,900000,DET
balbost01,"Steve Balboni",USA,900000,KCA
baldero01,"Rocco Baldelli",USA,2250000,TBA
baldwja01,"James Baldwin",USA,5950000,CHA
balejo01,"John Bale",USA,2200000,KCA
balenwl01,"Wladimir Balentien",Curacao,416000,SEA
balesco01,"Collin Balester",USA,485000,DET
balfogr01,"Grant Balfour",Australia,4500000,MIN
ballaje01,"Jeff Ballard",USA,465000,BAL
balleja01,"Jay Baller",USA,75000,CHN
bandoch01,"Chris Bando",USA,325000,CLE
bankhsc01,"Scott Bankhead",USA,1450000,KCA
banksbr01,"Brian Banks",USA,300000,ML4
bankswi01,"Willie Banks",USA,450000,MIN
bannial01,"Alan Bannister",USA,350000,TEX
bannibr01,"Brian Bannister",USA,2300000,NYN
bannifl01,"Floyd Bannister",USA,930000,CHA
baptitr01,"Travis Baptist",USA,170000,MIN
barajro01,"Rod Barajas",USA,4000000,ARI
barbebr01,"Bret Barberie",USA,958750,MON
barbebr02,"Brian Barber",USA,210000,SLN
barcelo01,"Lorenzo Barcelo",D.R.,240000,CHA
bardda01,"Daniel Bard",USA,1862500,BOS
bardebr01,"Brian Barden",USA,415000,ARI
bardjo01,"Josh Bard",USA,2237500,CLE
barfije01,"Jesse Barfield",USA,2166667,TOR
barfijo01,"John Barfield",USA,110000,TEX
barfijo02,"Josh Barfield",Venezuela,416100,SDN
barkegl01,"Glen Barker",USA,270000,HOU
barkeke01,"Kevin Barker",USA,205000,MIL
barkele01,"Len Barker",USA,900000,ATL
barmecl01,"Clint Barmes",USA,5500000,COL
barnebr01,"Brian Barnes",USA,182500,MON
barnebr02,"Brandon Barnes",USA,501000,HOU
barneda01,"Darwin Barney",USA,2525000,CHN
barnejo01,"John Barnes",USA,200000,MIN
barnema01,"Matt Barnes",USA,508500,BOS
barnesk01,"Skeeter Barnes",USA,265000,DET
barreaa01,"Aaron Barrett",USA,514200,WAS
barrema02,"Marty Barrett",USA,1000000,BOS
barremi01,"Michael Barrett",USA,4533333,MON
barroto01,"Tony Barron",USA,150000,PHI
barryje01,"Jeff Barry",USA,202000,NYN
barteki01,"Kimera Bartee",USA,270000,DET
bartlja01,"Jason Bartlett",USA,5500000,MIN
bartobr01,"Brian Barton",USA,390000,SLN
bartocl01,"Cliff Bartosh",USA,318600,CHN
bartoda02,"Daric Barton",USA,1250000,OAK
bartosh01,"Shawn Barton",USA,109000,SFN
bassan01,"Anthony Bass",USA,725000,SDN
bassbr01,"Brian Bass",USA,405000,MIN
basske01,"Kevin Bass",USA,2000000,HOU
bastaan01,"Antonio Bastardo",D.R.,3100000,PHI
batchri01,"Rich Batchelor",USA,157500,SLN
batesbi01,"Billy Bates",USA,100000,ML4
batesja01,"Jason Bates",USA,325000,COL
bathebi01,"Bill Bathe",USA,120000,SFN
batiski01,"Kim Batiste",USA,175000,PHI
batismi01,"Miguel Batista",D.R.,9500000,PIT
batisto01,"Tony Batista",D.R.,6400000,OAK
battlal01,"Allen Battle",USA,117000,SLN
bauerri01,"Rick Bauer",USA,350000,BAL
bauertr01,"Trevor Bauer",USA,1940000,CLE
baughju01,"Justin Baughman",USA,215000,ANA
bautida01,"Danny Bautista",D.R.,4000000,DET
bautide01,"Denny Bautista",D.R.,395000,KCA
bautijo01,"Jose Bautista",D.R.,790000,BAL
bautijo02,"Jose Bautista",D.R.,14000000,BAL
baxtemi01,"Mike Baxter",USA,700000,SDN
bayja01,"Jason Bay",CAN,18125000,PIT
baylijo01,"Jonah Bayliss",USA,384000,PIT
baylodo01,"Don Baylor",USA,810000,NYA
bazaryo01,"Yorman Bazardo",Venezuela,400000,DET
beachbr01,"Brandon Beachy",USA,2750000,ATL
beamotr01,"Trey Beamon",USA,187500,DET
beanbi01,"Bill Bean",USA,145000,SDN
beanebi01,"Billy Beane",USA,70500,MIN
beardda01,"Dave Beard",USA,90000,DET
bearske01,"Kevin Bearse",USA,100000,CLE
beatope01,"Pedro Beato",D.R.,487500,NYN
beattji01,"Jim Beattie",USA,575000,SEA
beavabl01,"Blake Beavan",USA,506700,SEA
beckejo02,"Josh Beckett",USA,17000000,FLO
beckeri01,"Rich Becker",USA,1550000,MIN
beckhgo01,"Gordon Beckham",USA,4175000,CHA
beckhti01,"Tim Beckham",USA,508100,TBA
beckro01,"Rod Beck",USA,5500000,SFN
beckwjo01,"Joe Beckwith",USA,358000,KCA
bedarer01,"Erik Bedard",CAN,7750000,BAL
bedrost01,"Steve Bedrosian",USA,1450000,ATL
beechma01,"Matt Beech",USA,215000,PHI
beeleda01,"Dallas Beeler",USA,508000,CHN
beimejo01,"Joe Beimel",USA,2000000,PIT
beirnke01,"Kevin Beirne",USA,223000,TOR
belchke01,"Kevin Belcher",USA,100000,TEX
belchti01,"Tim Belcher",USA,4650000,LAN
belinst01,"Stan Belinda",USA,1600000,PIT
belisma01,"Matt Belisle",USA,4250000,CIN
belisro01,"Ronald Belisario",Venezuela,3000000,LAN
belivje01,"Jeff Beliveau",USA,513600,TBA
bellbu01,"Buddy Bell",USA,870000,CIN
bellda01,"David Bell",USA,4700000,SLN
bellde01,"Derek Bell",USA,5000000,TOR
belleal01,"Albert Belle",USA,13000000,CLE
beller01,"Eric Bell",USA,157500,BAL
bellge02,"George Bell",D.R.,3650000,TOR
bellhe01,"Heath Bell",USA,10000000,SDN
bellhma01,"Mark Bellhorn",USA,2750000,OAK
bellicl01,"Clay Bellinger",USA,230000,NYA
bellira01,"Rafael Belliard",D.R.,800000,PIT
belliro01,"Ronnie Belliard",USA,4000000,MIL
bellja01,"Jay Bell",USA,8050000,CLE
bellju01,"Juan Bell",D.R.,200000,BAL
bellmi01,"Mike Bell",USA,100000,ATL
bellro01,"Rob Bell",USA,800000,CIN
belowdu01,"Duane Below",USA,482000,DET
beltbr01,"Brandon Belt",USA,3600000,SFN
beltrad01,"Adrian Beltre",D.R.,17000000,LAN
beltrca01,"Carlos Beltran",P.R.,19401569,KCA
beltres01,"Esteban Beltre",D.R.,200000,TEX
beltrfr01,"Francis Beltran",D.R.,318500,WAS
beltrom01,"Omar Beltre",D.R.,415000,TEX
beltrri01,"Rigo Beltran",Mexico,215000,SLN
benarma01,"Marvin Benard",Nicaragua,4200000,SFN
benavfr01,"Freddie Benavides",USA,195000,CIN
benedbr01,"Bruce Benedict",USA,665000,ATL
benesal01,"Alan Benes",USA,550000,SLN
benesan01,"Andy Benes",USA,6666667,SDN
beniqju01,"Juan Beniquez",P.R.,450000,CAL
benitar01,"Armando Benitez",D.R.,9866219,BAL
benitya01,"Yamil Benitez",P.R.,195000,KCA
benjami01,"Mike Benjamin",USA,925000,SFN
benneer01,"Erik Bennett",USA,109000,MIN
bennega01,"Gary Bennett",USA,850000,PHI
benneje01,"Jeff Bennett",USA,437500,MIL
bennesh01,"Shayne Bennett",Australia,230000,MON
benoijo01,"Joaquin Benoit",D.R.,8000000,TEX
bensokr01,"Kris Benson",USA,8333333,PIT
bentzch01,"Chad Bentz",USA,300000,MON
benzito01,"Todd Benzinger",USA,1150000,BOS
bereja01,"Jason Bere",USA,3400000,CHA
berenbr01,"Bruce Berenyi",USA,325000,NYN
berenju01,"Juan Berenguer",Panama,1200000,DET
bergda01,"Dave Berg",USA,800000,FLO
bergebr01,"Brandon Berger",USA,304000,KCA
bergebr02,"Brad Bergesen",USA,434000,BAL
bergepe01,"Peter Bergeron",USA,300000,MON
bergju01,"Justin Berg",USA,403000,CHN
bergmda01,"Dave Bergman",USA,575000,DET
bergmja01,"Jason Bergmann",USA,750000,WAS
bergmse01,"Sean Bergman",USA,1875000,DET
berkeja01,"Jason Berken",USA,426500,BAL
berkmla01,"Lance Berkman",USA,14500000,HOU
bernaro01,"Roger Bernadina",Curacao,1212500,WAS
bernato01,"Tony Bernazard",P.R.,630000,CLE
bernead01,"Adam Bernero",USA,450000,DET
berrada01,"Dale Berra",USA,657500,NYA
berroan01,"Angel Berroa",D.R.,2000000,KCA
berroge01,"Geronimo Berroa",D.R.,3300000,ATL
berryda01,"Damon Berryhill",USA,1000000,CHN
berryse01,"Sean Berry",USA,2350000,MON
bertomi01,"Mike Bertotti",USA,160000,CHA
beruman01,"Andres Berumen",Mexico,109000,SDN
bestka01,"Karl Best",USA,105000,SEA
betande01,"Dellin Betances",USA,507500,NYA
betanra01,"Rafael Betancourt",Venezuela,4250000,CLE
betanyu01,"Yuniesky Betancourt",Cuba,4300000,SEA
betemwi01,"Wilson Betemit",D.R.,2000000,ATL
bethach01,"Christian Bethancourt",Panama,507500,ATL
bettich01,"Chad Bettis",USA,500000,COL
bettsmo01,"Mookie Betts",USA,514500,BOS
bevacku01,"Kurt Bevacqua",USA,140000,SDN
bevilbr01,"Brian Bevil",USA,175000,KCA
biancbu01,"Buddy Biancalana",USA,165000,KCA
biancje01,"Jeff Bianchi",USA,502000,MIL
bicheda01,"Dante Bichette",USA,7250000,CAL
biddlro01,"Rocky Biddle",USA,1950000,CHA
bielemi01,"Mike Bielecki",USA,1325000,PIT
bierbni01,"Nick Bierbrodt",USA,300000,ARI
bierdra01,"Randor Bierd",D.R.,390000,BAL
biesest01,"Steve Bieser",USA,150000,NYN
bigbila01,"Larry Bigbie",USA,900000,BAL
biggicr01,"Craig Biggio",USA,9750000,HOU
bilarda01,"Dann Bilardello",USA,125000,MON
billich01,"Chad Billingsley",USA,11000000,LAN
birkbmi01,"Mike Birkbeck",USA,155000,ML4
birkiku01,"Kurt Birkins",USA,397600,TBA
birtsti01,"Tim Birtsas",USA,120500,OAK
bisenjo01,"Joe Bisenius",USA,380000,PHI
bittije01,"Jeff Bittiger",USA,113000,LAN
blackbu02,"Buddy Black",USA,3250000,KCA
blackch02,"Charlie Blackmon",USA,517500,COL
blackni01,"Nick Blackburn",USA,4750000,MIN
blacktr01,"Travis Blackley",Australia,550000,SEA
blackvi01,"Vic Black",USA,502250,NYN
blairwi01,"Willie Blair",USA,4500000,TOR
blakeca01,"Casey Blake",USA,6250000,CLE
blaloha01,"Hank Blalock",USA,6200000,TEX
blancan01,"Andres Blanco",Venezuela,850000,TEX
blancgr01,"Gregor Blanco",Venezuela,3600000,ATL
blanche01,"Henry Blanco",Venezuela,3175000,LAN
blancto01,"Tony Blanco",D.R.,316000,WAS
blankke01,"Kevin Blankenship",USA,100000,CHN
blankky01,"Kyle Blanks",USA,988000,SDN
blankla02,"Lance Blankenship",USA,627000,OAK
blankma01,"Matt Blank",USA,200000,MON
blantjo01,"Joe Blanton",USA,10500000,OAK
blausje01,"Jeff Blauser",USA,4200000,ATL
blazemi01,"Michael Blazek",USA,508500,MIL
blaziro01,"Ron Blazier",USA,180000,PHI
blevije01,"Jerry Blevins",USA,1675000,OAK
blockte01,"Terry Blocker",USA,70000,ATL
bloomwi01,"Willie Bloomquist",USA,3000000,SEA
blossgr01,"Greg Blosser",USA,109000,BOS
blowemi01,"Mike Blowers",Germany,2300000,NYA
bluevi01,"Vida Blue",USA,450000,SFN
blumaja01,"Jaime Bluma",USA,165000,KCA
blumge01,"Geoff Blum",USA,1500000,MON
blylebe01,"Bert Blyleven",Netherlands,2000000,CLE
bocachi01,"Hiram Bocachica",P.R.,325000,LAN
bochtbr01,"Bruce Bochte",USA,572500,OAK
bochtdo01,"Doug Bochtler",USA,287500,SDN
bochybr01,"Bruce Bochy",France,135000,SDN
bococbr01,"Brian Bocock",USA,414000,SFN
boddimi01,"Mike Boddicker",USA,3166667,BAL
boehrbr01,"Brian Boehringer",USA,2000000,NYA
boescbr01,"Brennan Boesch",USA,1500000,DET
boevejo01,"Joe Boever",USA,800000,ATL
bogaexa01,"Xander Bogaerts",Aruba,543000,BOS
bogarti01,"Tim Bogar",USA,725000,NYN
boggsmi01,"Mitchell Boggs",USA,1475000,SLN
boggswa01,"Wade Boggs",USA,4724316,BOS
bogusbr01,"Brian Bogusevic",USA,483000,HOU
bohanbr01,"Brian Bohanon",USA,4000000,TEX
bolicfr01,"Frank Bolick",USA,178000,MON
boltoro01,"Rod Bolton",USA,100000,CHA
boltoto01,"Tom Bolton",USA,525000,BOS
bondeje01,"Jeremy Bonderman",USA,12500000,DET
bondsba01,"Barry Bonds",USA,22000000,PIT
bonesri01,"Ricky Bones",P.R.,1425000,SDN
bongju01,"Jung Bong","South Korea",340000,ATL
bonifem01,"Emilio Bonifacio",D.R.,3000000,FLO
bonilbo01,"Bobby Bonilla",USA,6300000,CHA
bonilju01,"Juan Bonilla",P.R.,120000,BAL
bonined01,"Eddie Bonine",USA,404000,DET
bonneba01,"Barry Bonnell",USA,437500,SEA
bonsebo01,"Boof Bonser",USA,650000,MIN
bookech01,"Chris Booker",USA,350000,PHI
bookegr01,"Greg Booker",USA,130000,SDN
bookero01,"Rod Booker",USA,140000,SLN
booneaa01,"Aaron Boone",USA,3750000,CIN
boonebo01,"Bob Boone",USA,1900000,CAL
boonebr01,"Bret Boone",USA,9000000,CIN
bootcch01,"Chris Bootcheck",USA,415000,LAA
bootyjo01,"Josh Booty",USA,170000,FLO
borboju01,"Julio Borbon",USA,600000,TEX
borbope02,"Pedro Borbon",D.R.,1650000,ATL
borchjo01,"Joe Borchard",USA,380000,SEA
bordepa01,"Pat Borders",USA,2500000,TOR
bordimi01,"Mike Bordick",USA,4873439,OAK
bordiri01,"Rich Bordi",USA,250000,BOS
borkoda01,"Dave Borkowski",USA,800000,DET
borlato02,"Toby Borland",USA,262500,PHI
borowjo01,"Joe Borowski",USA,4000000,BAL
bosioch01,"Chris Bosio",USA,4250000,ML4
boskish01,"Shawn Boskie",USA,660000,CHN
bosleth01,"Thad Bosley",USA,457500,CHN
bostoda01,"Daryl Boston",USA,935000,CHA
bottari01,"Ricky Bottalico",USA,2300000,PHI
botteke01,"Kent Bottenfield",USA,4000000,MON
bottsja01,"Jason Botts",USA,394190,TEX
bouchde01,"Denis Boucher",CAN,135000,CLE
bourgja01,"Jason Bourgeois",USA,522500,HOU
bourgst01,"Steve Bourgeois",USA,109000,SFN
bourjpe01,"Peter Bourjos",USA,1650000,LAA
bournmi01,"Michael Bourn",USA,13500000,PHI
bournra01,"Rafael Bournigal",D.R.,400000,LAN
bowala01,"Larry Bowa",USA,525000,NYN
bowdemi01,"Michael Bowden",USA,509500,BOS
bowenro01,"Rob Bowen",USA,410000,SDN
bowenry01,"Ryan Bowen",USA,185000,HOU
bowiemi01,"Micah Bowie",USA,650000,CHN
bowkejo01,"John Bowker",USA,441500,SFN
boxbebr01,"Brad Boxberger",USA,521400,TBA
boydja02,"Jason Boyd",USA,350000,PHI
boydoi01,"Oil Can Boyd",USA,1500000,BOS
boyerbl01,"Blaine Boyer",USA,750000,ATL
brachbr01,"Brad Brach",USA,523000,SDN
braddza01,"Zach Braddock",USA,424000,MIL
bradeda01,"Dallas Braden",USA,3350000,OAK
bradfch01,"Chad Bradford",USA,3666666,CHA
bradlja02,"Jackie Bradley",USA,528000,BOS
bradlmi01,"Milton Bradley",USA,13000000,MON
bradlph01,"Phil Bradley",USA,1150000,SEA
bradlsc01,"Scott Bradley",USA,837500,CHA
bradste01,"Terry Bradshaw",USA,109000,SLN
braggda01,"Darren Bragg",USA,800000,SEA
bragggl01,"Glenn Braggs",USA,1000000,ML4
brandma01,"Mark Brandenburg",USA,222500,TEX
bransje01,"Jeff Branson",USA,550000,CIN
brantje01,"Jeff Brantley",USA,2800000,SFN
brantmi01,"Mickey Brantley",USA,170000,SEA
brantmi02,"Michael Brantley",USA,5875000,CLE
brantro01,"Rob Brantly",USA,490000,MIA
branyru01,"Russell Branyan",USA,1500000,CLE
braunry01,"Ryan Braun",CAN,380000,KCA
braunry02,"Ryan Braun",USA,13000000,MIL
braunst01,"Steve Braun",USA,160000,SLN
braybi01,"Bill Bray",USA,1417500,CIN
brazede01,"Dewon Brazelton",USA,1124000,TBA
brazoyh01,"Yhency Brazoban",D.R.,395000,LAN
breamsi01,"Sid Bream",USA,2400000,PIT
bredebr01,"Brent Brede",USA,190000,MIN
brenlbo01,"Bob Brenly",USA,680000,SFN
brennwi01,"William Brennan",USA,62500,LAN
breslcr01,"Craig Breslow",USA,3825000,CLE
brettge01,"George Brett",USA,3105000,KCA
brewebi01,"Billy Brewer",USA,320000,KCA
brewero01,"Rod Brewer",USA,125000,SLN
brewija01,"Jamie Brewington",USA,109000,SFN
brignre01,"Reid Brignac",USA,499000,TBA
brilegr01,"Greg Briley",USA,570000,SEA
briscjo01,"John Briscoe",USA,150000,OAK
britojo01,"Jorge Brito",D.R.,130000,COL
britoti01,"Tilson Brito",D.R.,160000,TOR
brittdr01,"Drake Britton",USA,503000,BOS
brittza01,"Zach Britton",USA,3200000,BAL
brocado01,"Doug Brocail",USA,2500000,SDN
brockch01,"Chris Brock",USA,1000000,SFN
brockgr01,"Greg Brock",USA,937500,LAN
brockta01,"Tarrik Brock",USA,200000,CHN
brodebr01,"Brian Broderick",USA,414000,WAS
brognri01,"Rico Brogna",USA,4200000,NYN
brohatr01,"Troy Brohawn",USA,200000,ARI
bronkje01,"Jeff Bronkey",Afghanistan,116000,TEX
brookhu01,"Hubie Brooks",USA,2316667,MON
brookto01,"Tom Brookens",USA,475000,DET
brosisc01,"Scott Brosius",USA,5250000,OAK
brothre01,"Rex Brothers",USA,1400000,COL
brousbe01,"Ben Broussard",USA,3850000,CLE
browebo01,"Bob Brower",USA,98000,TEX
broweji01,"Jim Brower",USA,1162500,CIN
brownad01,"Adrian Brown",USA,450000,PIT
brownan01,"Andrew Brown",USA,395000,OAK
brownan02,"Andrew Brown",USA,538045,NYN
brownbo04,"Bobby Brown",USA,150000,SDN
brownbr01,"Brant Brown",USA,315000,CHN
brownbr02,"Brooks Brown",USA,509500,COL
brownch02,"Chris Brown",USA,265000,SFN
brownde02,"Dee Brown",USA,309500,KCA
browndo01,"Domonic Brown",USA,2600000,PHI
brownem01,"Emil Brown",USA,3450000,PIT
brownja03,"Jarvis Brown",USA,112000,MIN
brownje01,"Jerry Browne",V.I.,800000,TEX
brownke01,"Kevin Brown",USA,15714286,TEX
brownke02,"Keith Brown",USA,100000,CIN
brownke03,"Kevin Brown",USA,100000,NYN
brownke04,"Kevin Brown",USA,170000,TOR
brownma03,"Marty Brown",USA,100000,BAL
brownmi01,"Mike Brown",USA,80000,BOS
brownro01,"Roosevelt Brown",USA,255000,CHN
brownto05,"Tom Browning",USA,3750000,CIN
browsc01,"Scott Brow",USA,225000,TOR
broxtjo01,"Jonathan Broxton",USA,9000000,LAN
bruceja01,"Jay Bruce",USA,12000000,CIN
bruetjt01,"J. T. Bruett",USA,121000,MIN
brumfja01,"Jacob Brumfield",USA,1050000,CIN
brumlmi02,"Mike Brumley",USA,120000,DET
brummgr01,"Greg Brummett",USA,109000,SFN
brunato01,"Tom Brunansky",USA,2850000,MIN
brunebr01,"Brian Bruney",USA,1500000,ARI
brunter01,"Eric Bruntlett",USA,800000,HOU
bruskji01,"Jim Bruske",USA,200000,SDN
brusswa01,"Warren Brusstar",USA,575000,CHN
bryanra01,"Ralph Bryant",USA,72500,LAN
buchabr01,"Brian Buchanan",USA,650000,MIN
buchada01,"David Buchanan",USA,512500,PHI
buchhcl01,"Clay Buchholz",USA,12000000,BOS
buchhta01,"Taylor Buchholz",USA,1055000,HOU
buckjo01,"John Buck",USA,6500000,KCA
bucknbi01,"Bill Buckner",USA,785000,BOS
bucknbi02,"Billy Buckner",USA,403000,ARI
bucktr01,"Travis Buck",USA,625000,OAK
buddery01,"Ryan Budde",USA,402200,PHI
buddimi01,"Mike Buddie",USA,218000,MIL
buechst01,"Steve Buechele",USA,2900000,TEX
buehrma01,"Mark Buehrle",USA,20000000,CHA
buenofr01,"Francisley Bueno",Cuba,504500,KCA
buforda01,"Damon Buford",USA,1100000,BAL
buhneja01,"Jay Buhner",USA,5641667,NYA
buicede01,"DeWayne Buice",USA,150000,CAL
bukviry01,"Ryan Bukvich",USA,319500,KCA
bulgeja01,"Jason Bulger",USA,423000,LAA
bullesc01,"Scott Bullett",USA,160000,PIT
bullibr01,"Bryan Bullington",USA,327000,PIT
bulliji01,"Jim Bullinger",USA,525000,CHN
bulliki01,"Kirk Bullinger",USA,170000,MON
bumbral01,"Al Bumbry",USA,160000,SDN
bumgama01,"Madison Bumgarner",USA,6750000,SFN
bumpna01,"Nate Bump",USA,360000,FLO
burbada01,"Dave Burba",USA,5000000,SEA
burgoam01,"Ambiorix Burgos",D.R.,415000,KCA
burgoen01,"Enrique Burgos",Panama,110000,SFN
burkech01,"Chris Burke",USA,955000,HOU
burkegr01,"Greg Burke",USA,550000,NYN
burkeja02,"Jamie Burke",USA,435000,SEA
burkejo03,"John Burkett",USA,5500000,SFN
burkejo04,"John Burke",USA,190000,COL
burketi01,"Tim Burke",USA,2266667,MON
burksel01,"Ellis Burks",USA,7166667,BOS
burleri01,"Rick Burleson",USA,856667,CAL
burneaj01,"A. J. Burnett",USA,16500000,FLO
burneal01,"Alex Burnett",USA,490000,MIN
burnese01,"Sean Burnett",USA,3625000,PIT
burnije01,"Jeromy Burnitz",USA,12166667,NYN
burnsbr01,"Britt Burns",USA,750000,CHA
burnsco01,"Cory Burns",USA,492000,TEX
burnsmi01,"Mike Burns",USA,332500,CIN
burnsto02,"Todd Burns",USA,575000,OAK
burrebr01,"Brian Burres",USA,395000,BAL
burrepa01,"Pat Burrell",USA,14250000,PHI
burriem01,"Emmanuel Burriss",USA,625000,SFN
burrira01,"Ray Burris",USA,581250,ML4
burroje01,"Jeff Burroughs",USA,350000,TOR
burrose01,"Sean Burroughs",USA,1675000,SDN
burrote01,"Terry Burrows",USA,109000,TEX
burtoja01,"Jared Burton",USA,3250000,CIN
busbymi01,"Mike Busby",USA,220000,SLN
buschbr01,"Brian Buscher",USA,412500,MIN
buschmi01,"Mike Busch",USA,109000,LAN
bushda01,"Dave Bush",USA,4215000,TOR
bushho01,"Homer Bush",USA,3375000,NYA
bushra01,"Randy Bush",USA,550000,MIN
butchjo01,"John Butcher",USA,385000,MIN
butchmi01,"Mike Butcher",USA,175000,CAL
buterdr01,"Drew Butera",USA,987500,MIN
butersa01,"Sal Butera",USA,102500,CIN
butlead01,"Adam Butler",USA,170000,ATL
butlebi03,"Billy Butler",USA,8500000,KCA
butlebr01,"Brett Butler",USA,3500000,CLE
butlebr02,"Brent Butler",USA,303000,COL
butleed01,"Eddie Butler",USA,509500,COL
butlejo03,"Josh Butler",USA,400000,MIL
butleke01,"Keith Butler",USA,500000,SLN
butleri01,"Rich Butler",CAN,215000,TBA
butlero01,"Rob Butler",CAN,275000,TOR
bynumfr01,"Freddie Bynum",USA,390000,CHN
bynummi01,"Mike Bynum",USA,300500,SDN
byrdati01,"Tim Byrdak",USA,1600000,KCA
byrdma01,"Marlon Byrd",USA,8000000,PHI
byrdpa01,"Paul Byrd",USA,7500000,NYN
byrneer01,"Eric Byrnes",USA,11666666,OAK
bystrma01,"Marty Bystrom",USA,250000,NYA
cabelen01,"Enos Cabell",USA,450000,HOU
cabrace01,"Cesar Cabral",D.R.,490000,NYA
cabreas01,"Asdrubal Cabrera",Venezuela,10000000,CLE
cabreda01,"Daniel Cabrera",D.R.,2875000,BAL
cabreev01,"Everth Cabrera",Nicaragua,2450000,SDN
cabrefe01,"Fernando Cabrera",P.R.,575000,CLE
cabrefr01,"Francisco Cabrera",D.R.,181500,ATL
cabrejo01,"Jose Cabrera",D.R.,705000,HOU
cabrejo02,"Jolbert Cabrera",Colombia,1000000,CLE
cabreme01,"Melky Cabrera",D.R.,13000000,NYA
cabremi01,"Miguel Cabrera",Venezuela,22000000,FLO
cabreor01,"Orlando Cabrera",Colombia,10000000,MON
cacered01,"Edgar Caceres",Venezuela,109000,KCA
cadargr01,"Greg Cadaret",USA,1190000,OAK
cahiltr01,"Trevor Cahill",USA,12000000,OAK
cainlo01,"Lorenzo Cain",USA,2725000,KCA
cainma01,"Matt Cain",USA,21000000,SFN
cairomi01,"Miguel Cairo",Venezuela,1000000,TBA
caldeiv01,"Ivan Calderon",P.R.,3000000,CHA
calerki01,"Kiko Calero",P.R.,1600000,OAK
calhoje01,"Jeff Calhoun",USA,125000,HOU
calhoko01,"Kole Calhoun",USA,537500,LAA
callaal01,"Alberto Callaspo",Venezuela,4875000,ARI
callami01,"Mickey Callaway",USA,320000,ANA
calloro01,"Ron Calloway",USA,312500,MON
camacer01,"Ernie Camacho",USA,150000,CLE
camerke01,"Kevin Cameron",USA,380000,SDN
camermi01,"Mike Cameron",USA,10000000,CHA
caminar01,"Arquimedes Caminero",D.R.,515500,PIT
caminke01,"Ken Caminiti",USA,4600000,HOU
cammaer01,"Eric Cammack",USA,205000,NYN
campato01,"Tony Campana",USA,509500,CHN
campbbi02,"Bill Campbell",USA,457500,SLN
campber01,"Eric Campbell",USA,511065,NYN
campbke01,"Kevin Campbell",USA,115500,OAK
campbmi01,"Mike Campbell",USA,125000,SEA
campijo01,"Jorge Campillo",Mexico,420000,ATL
campri01,"Rick Camp",USA,633333,ATL
campsh01,"Shawn Camp",USA,2250000,KCA
campusi01,"Sil Campusano",D.R.,220000,TOR
canalge01,"George Canale",USA,100000,ML4
canatwi01,"Willie Canate",Venezuela,109000,TOR
cancero01,"Robinson Cancel",P.R.,200500,MIL
candaca01,"Casey Candaele",USA,935000,MON
candejo01,"John Candelaria",USA,1250000,CAL
candito01,"Tom Candiotti",USA,4450000,CLE
cangejo01,"John Cangelosi",USA,800000,CHA
canizja01,"Jay Canizaro",USA,235000,SFN
canoro01,"Robinson Cano",D.R.,24000000,NYA
cansejo01,"Jose Canseco",Cuba,5800000,OAK
canseoz01,"Ozzie Canseco",Cuba,140000,OAK
cantujo01,"Jorge Cantu",USA,6000000,TBA
capeljo01,"Jose Capellan",D.R.,330000,MIL
capelmi01,"Mike Capel",USA,62500,CHN
cappsca01,"Carter Capps",USA,491700,SEA
cappsma01,"Matt Capps",USA,7150000,PIT
capuach01,"Chris Capuano",USA,6375000,MIL
carabra01,"Ramon Caraballo",D.R.,109000,ATL
cardoja01,"Javier Cardona",P.R.,217000,DET
carewro01,"Rod Carew",Panama,875000,CAL
careypa01,"Paul Carey",USA,115000,BAL
carides01,"Esmailin Caridad",D.R.,403000,CHN
carigan01,"Andrew Carignan",USA,480000,OAK
carlsda01,"Dan Carlson",USA,175000,SFN
carlsje01,"Jesse Carlson",USA,450000,TOR
carltst01,"Steve Carlton",USA,1075000,PHI
carlybu01,"Buddy Carlyle",USA,725000,SDN
carmado01,"Don Carman",USA,575000,PHI
carmofa01,"Roberto Hernandez",D.R.,6287500,CLE
carmora01,"Rafael Carmona",P.R.,195000,SEA
carpean01,"Drew Carpenter",USA,401000,PHI
carpech01,"Chris Carpenter",USA,15840971,TOR
carpech02,"Chris Carpenter",USA,14259403,SLN
carpecr01,"Cris Carpenter",USA,1000000,SLN
carpeda01,"David Carpenter",USA,1300000,HOU
carpeda02,"David Carpenter",USA,493000,LAA
carpema01,"Matt Carpenter",USA,3750000,SLN
carpmi01,"Mike Carp",USA,1400000,SEA
carraca01,"Carlos Carrasco",Venezuela,2337500,CLE
carradj01,"D. J. Carrasco",USA,1200000,KCA
carragi01,"Giovanni Carrara",Venezuela,500000,TOR
carrahe01,"Hector Carrasco",D.R.,3000000,CIN
carrch02,"Chuck Carr",USA,325000,FLO
carrejo01,"Joel Carreno",D.R.,481700,TOR
carrema01,"Mark Carreon",USA,1000000,NYN
carrima01,"Matias Carrillo",Mexico,120000,ML4
carrobr01,"Brett Carroll",USA,580000,FLO
carroja01,"Jamey Carroll",USA,3750000,MON
carsoro01,"Robert Carson",USA,491375,NYN
cartech01,"Chris Carter",USA,400000,BOS
cartech02,"Chris Carter",USA,4175000,HOU
cartega01,"Gary Carter",USA,2198572,NYN
cartejo01,"Joe Carter",USA,7500000,CLE
cartela02,"Lance Carter",USA,550000,TBA
carusmi01,"Mike Caruso",USA,275000,CHA
carvama01,"Marcos Carvajal",Venezuela,316000,COL
carych01,"Chuck Cary",USA,570000,ATL
casanra01,"Raul Casanova",P.R.,850000,DET
caseyse01,"Sean Casey",USA,8500000,CIN
cashke01,"Kevin Cash",USA,400000,TOR
cashnan01,"Andrew Cashner",USA,4050000,CHN
casiala01,"Larry Casian",USA,350000,MIN
casilal01,"Alexi Casilla",D.R.,1382500,MIN
cassebo01,"Bobby Cassevah",USA,490000,LAA
cassisc01,"Scott Cassidy",USA,384000,TOR
casteal01,"Alex Castellanos",USA,490500,LAN
casteni01,"Nick Castellanos",USA,525000,DET
castepe01,"Pedro Castellano",Venezuela,120000,COL
castial01,"Alberto Castillo",D.R.,725000,NYN
castibr01,"Braulio Castillo",D.R.,120000,LAN
castica01,"Carmelo Castillo",D.R.,600000,CLE
castica02,"Carlos Castillo",USA,250000,CHA
castifr01,"Frank Castillo",USA,2250000,CHN
castijo01,"John Castino",USA,550000,MIN
castijo02,"Jose Castillo",Venezuela,1900000,PIT
castiju01,"Juan Castillo",D.R.,90000,ML4
castile01,"Lendy Castillo",D.R.,480000,CHN
castilu01,"Luis Castillo",D.R.,6250000,FLO
castima02,"Marty Castillo",USA,76000,DET
castito02,"Tony Castillo",Venezuela,1250000,TOR
castivi02,"Vinny Castilla",Mexico,7250000,ATL
castiwe01,"Welington Castillo",D.R.,2100000,CHN
castrfa01,"Fabio Castro",D.R.,327000,TEX
castrja01,"Jason Castro",USA,4000000,HOU
castrju01,"Juan Castro",Mexico,1000000,LAN
castrra01,"Ramon Castro",P.R.,2625000,FLO
castrst01,"Starlin Castro",D.R.,6857143,CHN
catalfr01,"Frank Catalanotto",USA,4000000,DET
cathemi01,"Mike Cather",USA,225000,ATL
caudibi01,"Bill Caudill",USA,1633333,TOR
cecchga01,"Garin Cecchini",USA,508500,BOS
cecenjo01,"Jose Cecena",Mexico,62500,TEX
cecilbr01,"Brett Cecil",USA,2475000,TOR
cedajo01,"Jose Ceda",D.R.,480000,MIA
cedenan01,"Andujar Cedeno",D.R.,1150000,HOU
cedence01,"Cesar Cedeno",D.R.,562500,SLN
cedendo01,"Domingo Cedeno",D.R.,500000,TOR
cedenro01,"Roger Cedeno",Venezuela,5500000,LAN
cedenro02,"Ronny Cedeno",Venezuela,1850000,CHN
cedenxa01,"Xavier Cedeno",P.R.,516500,HOU
centeju01,"Juan Centeno",P.R.,507500,MIL
cerdaja01,"Jaime Cerda",USA,342000,NYN
ceronri01,"Rick Cerone",USA,675000,ATL
cerutjo01,"John Cerutti",USA,800000,TOR
cervefr01,"Francisco Cervelli",Venezuela,987500,NYA
cespeyo01,"Yoenis Cespedes",Cuba,10500000,OAK
ceyro01,"Ron Cey",USA,1450000,CHN
chacigu01,"Gustavo Chacin",Venezuela,395300,TOR
chacijh01,"Jhoulys Chacin",Venezuela,4850000,COL
chacosh01,"Shawn Chacon",USA,3825000,COL
chafian01,"Andrew Chafin",USA,507500,ARI
chambad01,"Adron Chambers",USA,490000,SLN
chambch01,"Chris Chambliss",USA,800000,ATL
chambjo03,"Joba Chamberlain",USA,2500000,NYA
chambwe01,"Wes Chamberlain",USA,350000,PIT
chapmar01,"Aroldis Chapman",Cuba,8050000,CIN
chapmke02,"Kevin Chapman",USA,503400,HOU
charlno01,"Norm Charlton",USA,2950000,CIN
chatwty01,"Tyler Chatwood",USA,502000,COL
chavean02,"Angel Chavez",Panama,400000,LAN
chaveen01,"Endy Chavez",Venezuela,2050000,MON
chaveer01,"Eric Chavez",USA,12500000,OAK
chaveje01,"Jesse Chavez",USA,2150000,PIT
chavera01,"Raul Chavez",Venezuela,400000,MON
checoro01,"Robinson Checo",D.R.,925000,BOS
chenbr01,"Bruce Chen",Panama,4500000,ATL
chenwe02,"Wei-Yin Chen",Taiwan,4750000,BAL
cherrro01,"Rocky Cherry",USA,390000,BAL
chiamsc01,"Scott Chiamparino",USA,126000,OAK
chiassc01,"Scott Chiasson",USA,305000,CHN
chicoma01,"Matt Chico",USA,431000,WAS
childja01,"Jason Childers",USA,327000,TBA
chiriro01,"Robinson Chirinos",Venezuela,518290,TBA
chiselo01,"Lonnie Chisenhall",USA,2250000,CLE
chitrst01,"Steve Chitren",Japan,105000,OAK
choatra01,"Randy Choate",USA,3000000,NYA
choicmi01,"Michael Choice",USA,502000,TEX
choihe01,"Hee-Seop Choi","South Korea",725000,CHN
choji01,"Jin Ho Cho","South Korea",210000,BOS
choosh01,"Shin-Soo Choo","South Korea",14000000,CLE
chouibo01,"Bobby Chouinard",Philippines,278000,ARI
chrisja01,"Jason Christiansen",USA,2433333,PIT
chrismc01,"McKay Christensen",USA,222500,CHA
chrismi02,"Mike Christopher",USA,200000,CLE
chrisni01,"Nick Christiani",USA,500000,CIN
chrisry01,"Ryan Christenson",USA,267500,OAK
chulkvi01,"Vinnie Chulk",USA,837500,TOR
churcry01,"Ryan Church",USA,2800000,WAS
cianfar01,"Archi Cianfrocco",USA,475000,MON
cingrto01,"Tony Cingrani",USA,525500,CIN
cintral01,"Alex Cintron",P.R.,1900000,ARI
ciriape01,"Pedro Ciriaco",D.R.,513500,BOS
cirilje01,"Jeff Cirillo",USA,6975000,ML4
cishest01,"Steve Cishek",USA,6650000,MIA
claibpr01,"Preston Claiborne",USA,511325,NYA
clancji01,"Jim Clancy",USA,1225000,TOR
clapich01,"Chris Clapinski",USA,201000,FLO
clarkbr02,"Brady Clark",USA,3900000,CIN
clarkda05,"Dave Clark",USA,800000,CLE
clarkja01,"Jack Clark",USA,2900000,SLN
clarkje01,"Jerald Clark",USA,690000,SDN
clarkje02,"Jermaine Clark",USA,300000,DET
clarkma01,"Mark Clark",USA,5050000,SLN
clarkph02,"Phil Clark",USA,200000,DET
clarkte01,"Terry Clark",USA,200000,CAL
clarkto02,"Tony Clark",USA,5000000,DET
clarkwi02,"Will Clark",USA,6000000,SFN
claryma01,"Marty Clary",USA,125000,ATL
claudal01,"Alex Claudio",P.R.,508500,TEX
clausbr01,"Brandon Claussen",USA,370000,CIN
claytro01,"Royce Clayton",USA,4500000,SFN
clearma01,"Mark Clear",USA,685000,BOS
clemeed02,"Edgard Clemente",P.R.,215000,COL
clemeje01,"Jeff Clement",USA,405000,PIT
clemema01,"Matt Clement",USA,9825000,SDN
clemepa01,"Pat Clements",USA,245000,PIT
clemero02,"Roger Clemens",USA,18000000,BOS
cletoma01,"Maikel Cleto",D.R.,501000,SLN
clevest01,"Steve Clevenger",USA,514000,CHN
clibust02,"Stew Cliburn",USA,60000,CAL
clippty01,"Tyler Clippard",USA,8300001,WAS
clontbr01,"Brad Clontz",USA,350000,ATL
clossjd01,"JD Closser",USA,317000,COL
cloudke01,"Ken Cloude",USA,275000,SEA
cluttbr01,"Bryan Clutterbuck",USA,73000,ML4
clybuda01,"Danny Clyburn",USA,205000,BAL
coatsbu01,"Buck Coats",USA,392100,TOR
cobbal01,"Alex Cobb",USA,516900,TBA
cochrda01,"Dave Cochrane",USA,162000,SEA
codirch01,"Chris Codiroli",USA,270000,OAK
coffeto01,"Todd Coffey",USA,2025002,CIN
coffmke01,"Kevin Coffman",USA,100000,ATL
coganto01,"Tony Cogan",USA,200000,KCA
coggida01,"Dave Coggin",USA,320000,PHI
coghlch01,"Chris Coghlan",USA,2505000,FLO
cokeph01,"Phil Coke",USA,2250000,NYA
colabch01,"Chris Colabello",USA,505000,MIN
colanmi01,"Mike Colangelo",USA,300000,ANA
colbrgr01,"Greg Colbrunn",USA,2750000,MON
coleal01,"Alex Cole",USA,500000,CLE
colege01,"Gerrit Cole",USA,531000,PIT
colemlo01,"Louis Coleman",USA,725000,KCA
colemmi01,"Michael Coleman",USA,250000,NYA
colemvi01,"Vince Coleman",USA,3312500,SLN
colesda01,"Darnell Coles",USA,690000,DET
colest01,"Stu Cole",USA,109000,KCA
collida02,"Dave Collins",USA,700000,OAK
collilo01,"Lou Collier",USA,250000,PIT
colliti01,"Tim Collins",USA,1362500,KCA
collmjo01,"Josh Collmenter",USA,1400000,ARI
colomal01,"Alex Colome",D.R.,510800,TBA
colomje01,"Jesus Colome",D.R.,1250000,TBA
colonba01,"Bartolo Colon",D.R.,16000000,CLE
colonch01,"Christian Colon",P.R.,509525,KCA
colonro01,"Roman Colon",D.R.,665000,ATL
colvity01,"Tyler Colvin",USA,2275000,CHN
colyest01,"Steve Colyer",USA,302000,LAN
combspa01,"Pat Combs",USA,220000,PHI
comstke01,"Keith Comstock",USA,114000,SFN
conceda01,"Dave Concepcion",Venezuela,920000,CIN
conceon01,"Onix Concepcion",P.R.,250000,KCA
condrcl01,"Clay Condrey",USA,900000,SDN
coneda01,"David Cone",USA,12000000,KCA
congeha01,"Hank Conger",USA,1075000,LAA
coninje01,"Jeff Conine",USA,4250000,FLO
conrabr01,"Brooks Conrad",USA,427250,ATL
conroti01,"Tim Conroy",USA,115000,SLN
constjo01,"Jose Constanza",D.R.,480000,ATL
contija01,"Jason Conti",USA,300000,TBA
contrjo01,"Jose Contreras",Cuba,10000000,NYA
conveji01,"Jim Converse",USA,148000,SEA
cookaa01,"Aaron Cook",USA,9875000,COL
cookde01,"Dennis Cook",USA,2400000,PHI
cookest01,"Steve Cooke",USA,300000,PIT
cookry01,"Ryan Cook",USA,1400000,OAK
cooksbr01,"Brent Cookson",USA,109000,KCA
coolbsc01,"Scott Coolbaugh",USA,100000,TEX
coomero01,"Ron Coomer",USA,1500000,MIN
coopece01,"Cecil Cooper",USA,1176190,ML4
coopesc01,"Scott Cooper",USA,1525000,BOS
coppiro01,"Rocky Coppinger",USA,201500,BAL
coquitr01,"Trace Coquillette",USA,201500,MON
coraal01,"Alex Cora",P.R.,2000000,LAN
corajo01,"Joey Cora",P.R.,1700000,SDN
corbedo01,"Doug Corbett",USA,410000,CAL
corbesh01,"Sherman Corbett",USA,100000,CAL
corbiar01,"Archie Corbin",USA,109000,BAL
corbipa01,"Patrick Corbin",USA,524000,ARI
corcoro01,"Roy Corcoran",USA,413000,SEA
corcoti01,"Tim Corcoran",USA,220000,PHI
cordech01,"Chad Cordero",USA,6200000,MON
cordefr01,"Francisco Cordero",D.R.,12125000,DET
cordewi01,"Wil Cordero",P.R.,4166667,MON
cordofr01,"Francisco Cordova",Mexico,3850000,PIT
cordoma01,"Marty Cordova",USA,3500000,MIN
coreybr01,"Bryan Corey",USA,405000,BOS
cormila01,"Lance Cormier",USA,1200000,ATL
cormirh01,"Rheal Cormier",CAN,3000000,SLN
cornena01,"Nate Cornejo",USA,335000,DET
cornere01,"Reid Cornelius",USA,109000,NYN
corpama01,"Manny Corpas",Panama,2750000,COL
corpoca01,"Carlos Corporan",P.R.,975000,HOU
correed01,"Ed Correa",P.R.,130000,TEX
correke01,"Kevin Correia",USA,5500000,SFN
corsiji01,"Jim Corsi",USA,750000,OAK
corteda01,"David Cortes",Mexico,350000,ATL
cosarja01,"Jarred Cosart",USA,540000,HOU
costash01,"Shane Costa",USA,411000,KCA
costech01,"Chris Coste",USA,650000,PHI
costejo01,"John Costello",USA,105000,SLN
costoti01,"Tim Costo",USA,109000,CIN
cotahu01,"Humberto Cota",Mexico,537500,PIT
cottohe01,"Henry Cotto",USA,900000,SEA
cottsne01,"Neal Cotts",USA,3000000,CHA
counscr01,"Craig Counsell",USA,3166667,FLO
cousisc01,"Scott Cousins",USA,414000,FLO
coutljo01,"Jon Coutlangus",USA,380000,CIN
cowenal01,"Al Cowens",USA,400000,SEA
cowgico01,"Collin Cowgill",USA,995000,OAK
cowlejo01,"Joe Cowley",USA,295000,NYA
coxda01,"Danny Cox","United Kingdom",800000,SLN
coxda02,"Darron Cox",USA,200000,MON
coxst01,"Steve Cox",USA,280000,TBA
cozarza01,"Zack Cozart",USA,2350000,CIN
crabbca01,"Callix Crabbe",V.I.,390000,SDN
crabtti01,"Tim Crabtree",USA,1300000,TOR
craigal01,"Allen Craig",USA,5500000,SLN
crainje01,"Jesse Crain",CAN,4500000,MIN
cramebo01,"Bobby Cramer",USA,414000,OAK
crawfbr01,"Brandon Crawford",USA,3175000,SFN
crawfca02,"Carl Crawford",USA,21357000,TBA
crawfpa02,"Paxton Crawford",USA,205000,BOS
crawfst01,"Steve Crawford",USA,375000,BOS
credejo01,"Joe Crede",USA,5100000,CHA
creekdo01,"Doug Creek",USA,700000,SFN
crespce01,"Cesar Crespo",P.R.,309000,BOS
crespfe01,"Felipe Crespo",P.R.,425000,TOR
cressja01,"Jack Cressend",USA,322400,MIN
crewsti01,"Tim Crews",USA,1175000,LAN
crimch01,"Chuck Crim",USA,2833333,ML4
crispco01,"Coco Crisp",USA,11000000,CLE
crockky01,"Kyle Crockett",USA,510900,CLE
cromedt01,"D. T. Cromer",USA,200000,CIN
crometr01,"Tripp Cromer",USA,346500,SLN
croncj01,"C. J. Cron",USA,512500,LAA
crosbbo01,"Bobby Crosby",USA,5300000,OAK
crosbbu01,"Bubba Crosby",USA,354250,NYA
crottmi01,"Michael Crotta",USA,414000,PIT
crousri01,"Rich Croushore",USA,255000,SLN
crowaa01,"Aaron Crow",USA,1600000,KCA
